title,release_date,original_language,main_genre,popularity,vote_average,vote_count,year,month
Zootopia 2,2025-11-26,en,Animation,555.4388,7.719,329,2025.0,11.0
TRON: Ares,2025-10-08,en,Science Fiction,446.5362,6.465,515,2025.0,10.0
Troll 2,2025-11-30,no,Action,440.9976,6.864,104,2025.0,11.0
Kantara - A Legend: Chapter 1,2025-10-01,kn,Action,302.0064,7.361,36,2025.0,10.0
The Shadow's Edge,2025-08-16,zh,Action,256.2961,6.4,133,2025.0,8.0
Dracula,2025-07-30,fr,Horror,255.3248,7.1,507,2025.0,7.0
High Forces,2024-09-29,zh,Action,254.0607,6.04,25,2024.0,9.0
Wildcat,2025-11-19,en,Action,229.9099,6.212,26,2025.0,11.0
Bureau 749,2024-10-01,zh,Action,221.6254,6.0,50,2024.0,10.0
Predator: Badlands,2025-11-05,en,Action,196.4462,7.389,539,2025.0,11.0
Border Hunters,2025-10-20,en,Action,181.627,8.571,7,2025.0,10.0
Altered,2025-09-18,en,Science Fiction,178.9249,6.583,48,2025.0,9.0
Wicked: For Good,2025-11-19,en,Fantasy,162.1535,6.7,364,2025.0,11.0
The Family Plan 2,2025-11-11,en,Action,155.6328,6.7,291,2025.0,11.0
War of the Worlds,2025-07-29,en,Science Fiction,153.1518,4.3,763,2025.0,7.0
She Rides Shotgun,2025-07-31,en,Action,152.7062,7.107,126,2025.0,7.0
Frankenstein,2025-10-17,en,Drama,141.0997,7.772,2052,2025.0,10.0
Zootopia,2016-02-11,en,Animation,133.2081,7.755,17186,2016.0,2.0
JUJUTSU KAISEN: Execution -Shibuya Incident x The Culling Game Begins-,2025-11-07,ja,Animation,124.5604,5.2,46,2025.0,11.0
Art of Eight Limbs,2024-08-16,en,Action,121.6025,6.439,33,2024.0,8.0
Bugonia,2025-10-23,en,Science Fiction,116.8055,7.519,614,2025.0,10.0
Demon Slayer: Kimetsu no Yaiba Infinity Castle,2025-07-18,ja,Animation,112.4341,7.604,586,2025.0,7.0
A Legend,2024-07-05,zh,Action,101.6364,6.874,119,2024.0,7.0
Now You See Me: Now You Don't,2025-11-12,en,Thriller,100.4,6.326,321,2025.0,11.0
One Battle After Another,2025-09-23,en,Thriller,99.6123,7.495,1749,2025.0,9.0
KPop Demon Hunters,2025-06-20,en,Fantasy,88.0512,8.202,1989,2025.0,6.0
Succubus,2024-10-06,en,Horror,85.4919,8.922,198,2024.0,10.0
Regretting You,2025-10-22,en,Romance,77.0022,7.106,127,2025.0,10.0
High School of the Dead: Drifters of the Dead,2011-04-25,ja,Comedy,74.9823,7.449,474,2011.0,4.0
Playdate,2025-11-05,en,Action,74.095,6.2,347,2025.0,11.0
High Ground,2025-03-17,en,Thriller,71.8158,6.0,34,2025.0,3.0
Black Phone 2,2025-10-15,en,Horror,71.597,6.858,649,2025.0,10.0
Chainsaw Man - The Movie: Reze Arc,2025-09-19,ja,Animation,70.9632,7.855,228,2025.0,9.0
Five Nights at Freddy's 2,2025-12-03,en,Horror,70.4206,6.571,21,2025.0,12.0
Prep & Landing: The Snowball Protocol,2025-11-27,en,Animation,67.7077,7.8,11,2025.0,11.0
Avatar: Fire and Ash,2025-12-17,en,Science Fiction,61.7769,0.0,0,2025.0,12.0
The Fantastic 4: First Steps,2025-07-23,en,Science Fiction,57.3559,7.027,2559,2025.0,7.0
xXx,2002-08-09,en,Action,57.1501,5.976,4677,2002.0,8.0
The Prosecutor,2024-12-08,cn,Action,55.4488,6.8,155,2024.0,12.0
Mission: Impossible - The Final Reckoning,2025-05-17,en,Action,55.1868,7.262,2138,2025.0,5.0
Oh. What. Fun.,2025-12-02,en,Comedy,53.7385,6.786,21,2025.0,12.0
First Moon,2025-05-06,en,Horror,52.2916,4.1,50,2025.0,5.0
The Storm,2024-01-12,zh,Animation,52.1497,6.0,14,2024.0,1.0
Wicked,2024-11-20,en,Drama,51.7638,6.924,2648,2024.0,11.0
Jingle Bell Heist,2025-11-25,en,Romance,51.6435,6.073,82,2025.0,11.0
The Conjuring: Last Rites,2025-09-03,en,Horror,51.0835,6.976,1403,2025.0,9.0
The Gentleman,2025-09-26,es,Action,50.8028,6.853,18,2025.0,9.0
Sisu: Road to Revenge,2025-10-21,fi,Action,49.8823,7.765,34,2025.0,10.0
The Witness,2025-04-04,fa,Drama,49.3587,7.7,15,2025.0,4.0
Beast of War,2025-09-18,en,Thriller,48.9436,6.365,52,2025.0,9.0
Operation Blood Hunt,2024-12-12,en,Action,48.8257,6.706,51,2024.0,12.0
Spithood,2024-10-25,en,Horror,48.6477,5.2,14,2024.0,10.0
Two Worlds One Wish,2025-11-24,tr,Romance,47.3267,7.8,18,2025.0,11.0
Nahual,2025-02-06,en,Horror,45.1616,3.2,8,2025.0,2.0
Sidelined 2: Intercepted,2026-01-07,en,Romance,44.3963,0.0,0,2026.0,1.0
DEEMO Memorial Keys,2022-02-25,ja,Animation,44.2863,7.5,18,2022.0,2.0
My Fault,2023-06-08,es,Drama,43.5867,7.766,3930,2023.0,6.0
Superman,2025-07-09,en,Science Fiction,43.3393,7.4,3921,2025.0,7.0
Shelby Oaks,2025-10-02,en,Horror,41.6306,5.75,106,2025.0,10.0
The Avengers,2012-04-25,en,Science Fiction,41.5882,7.867,34250,2012.0,4.0
Jurassic World Rebirth,2025-07-01,en,Science Fiction,41.4521,6.381,2559,2025.0,7.0
Roofman,2025-10-08,en,Crime,41.4129,7.2,252,2025.0,10.0
Stand Your Ground,2025-05-09,en,Action,40.8062,4.614,57,2025.0,5.0
Laberinto de sombras,2024-05-10,es,Horror,40.0408,5.25,4,2024.0,5.0
Train Dreams,2025-11-05,en,Drama,39.8956,7.349,202,2025.0,11.0
Sidelined: The QB and Me,2025-02-06,en,Comedy,39.8849,6.092,109,2025.0,2.0
Creepshow 2,1987-05-01,en,Horror,39.3472,6.2,627,1987.0,5.0
31 Minutes: One Hot Christmas,2025-11-19,es,Family,39.341,7.435,24,2025.0,11.0
Interstellar,2014-11-05,en,Adventure,38.8791,8.463,38333,2014.0,11.0
F1,2025-06-25,en,Action,38.6787,7.804,2677,2025.0,6.0
Our Fault,2025-10-15,es,Romance,37.988,7.466,539,2025.0,10.0
Code 3,2025-09-12,en,Action,37.2699,6.683,131,2025.0,9.0
Wake Up Dead Man: A Knives Out Mystery,2025-11-26,en,Comedy,36.4152,7.952,32,2025.0,11.0
Captain Hook: The Cursed Tides,2025-07-11,en,Adventure,36.3243,5.05,40,2025.0,7.0
The Running Man,2025-11-11,en,Action,36.2268,6.775,244,2025.0,11.0
Witchy Ways,2024-09-13,en,Fantasy,35.927,7.0,2,2024.0,9.0
How to Train Your Dragon,2025-06-06,en,Fantasy,35.8461,8.0,2224,2025.0,6.0
The Bad Guys 2,2025-07-24,en,Family,35.3837,7.755,545,2025.0,7.0
Monster Island,2025-05-08,en,Horror,35.1443,5.848,79,2025.0,5.0
Troll,2022-11-30,no,Fantasy,35.0746,6.585,1868,2022.0,11.0
Shahenshah,1988-01-29,hi,Action,34.1816,6.146,24,1988.0,1.0
Blue Moon,2025-10-17,en,Drama,34.102,6.853,58,2025.0,10.0
Nobody 2,2025-08-13,en,Action,33.3347,7.0,1022,2025.0,8.0
Nuremberg,2025-11-06,en,History,33.115,7.4,39,2025.0,11.0
Holy Night: Demon Hunters,2025-04-30,ko,Action,33.0274,6.721,70,2025.0,4.0
Kulong,2024-05-24,tl,Drama,32.7879,6.0,7,2024.0,5.0
How the Grinch Stole Christmas,2000-11-17,en,Family,32.2637,6.8,7953,2000.0,11.0
Laila,2025-02-14,te,Comedy,31.9669,5.2,6,2025.0,2.0
Laura's Toys,1975-01-01,en,Drama,31.7139,4.824,17,1975.0,1.0
Predator,1987-06-12,en,Science Fiction,31.4683,7.541,8676,1987.0,6.0
Avatar: The Way of Water,2022-12-14,en,Action,31.1023,7.6,13100,2022.0,12.0
Stolen Girl,2025-09-04,en,Thriller,30.8588,6.5,90,2025.0,9.0
Mrs. Christmas,2025-11-26,it,Comedy,30.8196,7.8,4,2025.0,11.0
The Shawshank Redemption,1994-09-23,en,Drama,30.8118,8.713,29306,1994.0,9.0
Bramayugam,2024-02-15,ml,Horror,30.6792,7.59,61,2024.0,2.0
One X Two,2025-08-08,es,Comedy,30.06,6.0,2,2025.0,8.0
The Strangers: Chapter 2,2025-09-25,en,Horror,29.9661,6.073,151,2025.0,9.0
Abyss,2024-12-11,fr,Thriller,29.201,5.951,81,2024.0,12.0
Your Name.,2016-08-26,ja,Animation,29.1943,8.48,12132,2016.0,8.0
Lover,2024-02-07,ta,Romance,29.1859,7.286,14,2024.0,2.0
Five Nights at Freddy's,2023-10-25,en,Horror,29.0726,7.375,4644,2023.0,10.0
Stitch Head,2025-10-16,en,Animation,28.3364,7.1,15,2025.0,10.0
No Other Choice,2025-09-24,ko,Crime,28.317,7.811,74,2025.0,9.0
Titanic,1997-11-18,en,Drama,28.1589,7.903,26512,1997.0,11.0
Family Disaster,2025-09-25,es,Drama,28.123,7.0,1,2025.0,9.0
The Ugly Stepsister,2025-03-07,no,Horror,28.0271,7.343,718,2025.0,3.0
The Astronaut,2025-09-26,en,Science Fiction,28.0164,5.8,95,2025.0,9.0
Lilo & Stitch,2025-05-17,en,Family,28.0031,7.249,1863,2025.0,5.0
Primitive War,2025-08-21,en,Action,27.9671,6.8,175,2025.0,8.0
Tee Yai: Born to Be Bad,2025-11-12,th,Crime,27.9331,4.987,38,2025.0,11.0
It Chapter Two,2019-09-04,en,Horror,27.9176,6.8,9268,2019.0,9.0
A Minecraft Movie,2025-03-31,en,Family,27.8875,6.347,2540,2025.0,3.0
The Naked Gun,2025-07-30,en,Action,27.7906,6.504,1132,2025.0,7.0
Elio,2025-06-18,en,Family,27.7293,6.98,688,2025.0,6.0
Inside Out 2,2024-06-11,en,Animation,27.5855,7.6,6280,2024.0,6.0
Trap House,2025-11-14,en,Action,27.4973,6.167,12,2025.0,11.0
Moana 2,2024-11-21,en,Family,27.4079,7.025,2807,2024.0,11.0
It,2017-09-06,en,Horror,27.177,7.238,19839,2017.0,9.0
Pacific Fear,2024-07-11,fr,Horror,26.9851,4.486,36,2024.0,7.0
Ballerina,2025-06-04,en,Action,26.9272,7.3,2013,2025.0,6.0
The Godfather,1972-03-14,en,Drama,25.1984,8.684,22119,1972.0,3.0
EKS,2024-03-01,tl,Drama,26.6528,3.2,5,2024.0,3.0
Avatar,2009-12-15,en,Action,28.0473,7.594,32861,2009.0,12.0
Ne Zha 2,2025-01-29,zh,Animation,26.4788,8.029,469,2025.0,1.0
Hunting Grounds,2025-05-16,en,Action,25.4488,6.667,63,2025.0,5.0
The Toxic Avenger Unrated,2025-08-28,en,Action,26.3322,6.1,215,2025.0,8.0
Afterburn,2025-08-20,en,Science Fiction,27.0657,6.828,131,2025.0,8.0
The Dark Knight,2008-07-16,en,Drama,30.7333,8.524,34779,2008.0,7.0
The Long Walk,2025-09-10,en,Thriller,25.7435,6.937,854,2025.0,9.0
The Family Plan,2023-12-14,en,Action,22.2119,7.25,1697,2023.0,12.0
Ko Ga Loak Village,2025-11-06,th,Comedy,23.7294,3.8,5,2025.0,11.0
Harry Potter and the Philosopher's Stone,2001-11-16,en,Adventure,24.1523,7.9,28854,2001.0,11.0
Sarah's Oil,2025-11-06,en,Drama,35.8337,7.1,7,2025.0,11.0
The Best You Can,2025-06-07,en,Romance,24.0079,6.8,6,2025.0,6.0
Arunachalam,1997-04-10,ta,Action,25.3075,7.3,28,1997.0,4.0
My Secret Santa,2025-12-02,en,Comedy,51.9463,6.583,12,2025.0,12.0
Martin,2024-10-11,kn,Action,24.8804,4.058,26,2024.0,10.0
Home Alone 2: Lost in New York,1992-11-15,en,Comedy,24.2963,6.769,10209,1992.0,11.0
Grand Prix of Europe,2025-07-24,en,Animation,23.5243,7.3,21,2025.0,7.0
Red One,2024-10-31,en,Action,22.6261,7.035,2745,2024.0,10.0
Inception,2010-07-15,en,Action,24.0435,8.37,38295,2010.0,7.0
Marco,2024-12-20,ml,Action,23.856,6.597,88,2024.0,12.0
Valiant One,2025-01-30,en,War,23.7802,6.831,83,2025.0,1.0
Agak Laen: Menyala Pantiku!,2025-11-27,id,Comedy,23.5342,8.5,2,2025.0,11.0
Pets on a Train,2025-07-02,fr,Animation,23.4441,6.9,28,2025.0,7.0
Left-Handed Girl,2025-09-17,zh,Drama,23.3938,7.6,43,2025.0,9.0
Weapons,2025-08-04,en,Horror,23.3726,7.317,2442,2025.0,8.0
Deadpool & Wolverine,2024-07-24,en,Action,23.363,7.569,7986,2024.0,7.0
Eternity,2025-11-26,en,Romance,23.1877,6.8,14,2025.0,11.0
Ice Road: Vengeance,2025-06-27,en,Action,23.1699,6.307,522,2025.0,6.0
Christmas Everlasting,2018-11-24,en,Romance,23.0702,5.8,30,2018.0,11.0
In Your Dreams,2025-11-07,en,Animation,23.0076,7.009,116,2025.0,11.0
After the Hunt,2025-10-09,en,Drama,22.9923,5.865,263,2025.0,10.0
Other special desires,1983-05-14,it,Romance,22.9878,5.833,6,1983.0,5.0
Yogi Bear,2010-12-17,en,Comedy,22.9409,5.6,916,2010.0,12.0
Sonic the Hedgehog 3,2024-12-19,en,Action,22.9138,7.643,3040,2024.0,12.0
Japanese Mom,2017-02-09,ko,Romance,22.8093,6.6,62,2017.0,2.0
A Working Man,2025-03-26,en,Action,22.7657,6.707,1664,2025.0,3.0
Play Dirty,2025-09-30,en,Crime,22.3347,6.617,484,2025.0,9.0
The Lord of the Rings: The Fellowship of the Ring,2001-12-18,en,Adventure,22.2654,8.4,26655,2001.0,12.0
Furiosa: A Mad Max Saga,2024-05-22,en,Action,23.4537,7.462,4520,2024.0,5.0
Flow,2024-08-29,lv,Animation,21.5401,8.125,2469,2024.0,8.0
Predator: Killer of Killers,2025-06-05,en,Animation,20.1584,7.861,977,2025.0,6.0
Final Destination Bloodlines,2025-05-14,en,Horror,21.7063,7.1,2417,2025.0,5.0
ClearMind,2024-02-03,en,Science Fiction,18.9371,5.167,27,2024.0,2.0
Inside Furioza,2025-10-14,pl,Action,20.2409,6.537,67,2025.0,10.0
The Grinch,2018-11-08,en,Family,21.9438,6.871,4280,2018.0,11.0
Kryptic,2025-06-09,en,Horror,20.3419,5.0,21,2025.0,6.0
Companion,2025-01-22,en,Horror,18.2634,7.043,1890,2025.0,1.0
Kraven the Hunter,2024-12-11,en,Action,19.0455,6.468,2110,2024.0,12.0
E.T. the Extra-Terrestrial,1982-06-11,en,Science Fiction,18.293,7.5,11661,1982.0,6.0
M3GAN 2.0,2025-06-25,en,Action,19.9878,7.372,1002,2025.0,6.0
Lucy,2018-10-13,es,Drama,12.6078,5.2,6,2018.0,10.0
End of Loyalty,2023-03-07,en,Crime,19.1246,5.4,7,2023.0,3.0
Wild Souls,2021-04-01,en,Drama,18.1612,6.0,1,2021.0,4.0
Avengers: Infinity War,2018-04-25,en,Adventure,19.7197,8.236,31178,2018.0,4.0
Sinners,2025-04-16,en,Horror,20.0352,7.5,2962,2025.0,4.0
Saiyaara,2025-07-18,hi,Romance,18.0819,6.4,120,2025.0,7.0
The Lord of the Rings: The Return of the King,2003-12-17,en,Adventure,18.2199,8.5,25710,2003.0,12.0
Harry Potter and the Goblet of Fire,2005-11-16,en,Adventure,19.178,7.801,21628,2005.0,11.0
Cloud 9,2006-01-01,en,Comedy,20.2389,5.089,28,2006.0,1.0
Gabby's Dollhouse: The Movie,2025-09-13,en,Family,20.2299,6.7,44,2025.0,9.0
Colonel Kwiatkowski,1996-05-10,pl,Comedy,20.0372,6.7,30,1996.0,5.0
The Godfather Part II,1974-12-20,en,Drama,19.9019,8.57,13372,1974.0,12.0
Coco,2017-10-27,en,Family,19.8205,8.201,20459,2017.0,10.0
Up,2009-05-28,en,Animation,19.7831,7.96,21108,2009.0,5.0
The Dogs,2025-06-13,en,Horror,19.7631,6.74,25,2025.0,6.0
Dream Lover,1994-11-11,en,Drama,19.7452,6.185,108,1994.0,11.0
The Wolf of Wall Street,2013-12-25,en,Crime,19.6971,8.026,25215,2013.0,12.0
A Very Jonas Christmas Movie,2025-11-10,en,Comedy,19.6625,6.434,68,2025.0,11.0
Good Boy,2025-10-01,en,Horror,19.6405,6.805,305,2025.0,10.0
Harry Potter and the Order of the Phoenix,2007-07-08,en,Adventure,19.5904,7.674,20316,2007.0,7.0
Thunderbolts*,2025-04-30,en,Action,19.5806,7.3,2940,2025.0,4.0
Harry Potter and the Chamber of Secrets,2002-11-13,en,Adventure,19.5274,7.705,23018,2002.0,11.0
Twinless,2025-09-04,en,Comedy,19.5191,7.222,45,2025.0,9.0
Freakier Friday,2025-08-06,en,Comedy,19.1347,6.9,492,2025.0,8.0
Spider-Man: No Way Home,2021-12-15,en,Action,19.0559,7.937,21315,2021.0,12.0
Bring Her Back,2025-05-28,en,Horror,19.0078,7.421,1211,2025.0,5.0
The Matrix,1999-03-31,en,Action,18.8926,8.236,27048,1999.0,3.0
Mantis,2025-09-26,ko,Action,18.8864,6.279,112,2025.0,9.0
Despicable Me 4,2024-06-20,en,Family,18.4201,7.012,2983,2024.0,6.0
Beach House,1977-10-27,it,Comedy,17.0822,6.369,71,1977.0,10.0
Akin Ang Gabi,2025-11-21,tl,Drama,16.9817,0.0,0,2025.0,11.0
The Roses,2025-08-27,en,Comedy,17.4321,6.748,375,2025.0,8.0
Karate Kid: Legends,2025-05-08,en,Action,17.1777,7.097,974,2025.0,5.0
Now You See Me,2013-05-29,en,Thriller,17.6911,7.333,16253,2013.0,5.0
Harry Potter and the Prisoner of Azkaban,2004-05-31,en,Adventure,17.0764,8.011,22583,2004.0,5.0
Shrek,2001-05-18,en,Animation,16.6235,7.8,18149,2001.0,5.0
Bone Lake,2025-10-02,en,Horror,19.0539,6.067,75,2025.0,10.0
Champagne Problems,2025-11-18,en,Romance,16.7358,6.236,108,2025.0,11.0
Smurfs,2025-07-05,en,Animation,16.7935,5.9,220,2025.0,7.0
Frozen,2013-11-20,en,Animation,18.6008,7.2,17183,2013.0,11.0
Max,2015-06-25,en,Adventure,18.5773,7.1,861,2015.0,6.0
Dune,2021-09-15,en,Science Fiction,20.4328,7.777,14161,2021.0,9.0
Sentimental Value,2025-08-20,no,Drama,22.3334,7.6,96,2025.0,8.0
Top Gun: Maverick,2022-05-21,en,Action,17.4589,8.164,10375,2022.0,5.0
The Super Mario Bros. Movie,2023-04-05,en,Family,18.9751,7.603,10098,2023.0,4.0
Icefall,2025-10-16,en,Action,16.6905,7.078,45,2025.0,10.0
The Gorge,2025-02-13,en,Romance,19.066,7.668,3199,2025.0,2.0
The Rats: A Witcher Tale,2025-10-29,en,Fantasy,18.1327,5.2,88,2025.0,10.0
Heads of State,2025-06-24,en,Action,18.16,6.866,860,2025.0,6.0
Parasite,2019-05-30,ko,Comedy,18.1158,8.496,19762,2019.0,5.0
Captain America: Brave New World,2025-02-12,en,Action,18.1096,6.008,2772,2025.0,2.0
Detective Conan: One-Eyed Flashback,2025-04-18,ja,Animation,18.0841,7.5,37,2025.0,4.0
The Jester 2,2025-09-15,en,Horror,17.9978,6.329,38,2025.0,9.0
Rental Family,2025-11-20,en,Drama,17.9735,7.3,19,2025.0,11.0
Harry Potter and the Deathly Hallows: Part 1,2010-11-17,en,Adventure,17.8463,7.738,19886,2010.0,11.0
Venom: The Last Dance,2024-10-22,en,Action,17.838,6.68,3871,2024.0,10.0
A Merry Little Ex-Mas,2025-11-12,en,Romance,17.8198,6.335,98,2025.0,11.0
Knives Out,2019-11-27,en,Comedy,17.7942,7.844,13272,2019.0,11.0
Free Guy,2021-08-11,en,Comedy,17.7876,7.463,9410,2021.0,8.0
Kantara,2022-09-30,kn,Action,17.7388,7.161,125,2022.0,9.0
Pulp Fiction,1994-09-10,en,Thriller,17.6259,8.488,29334,1994.0,9.0
Now You See Me 2,2016-06-02,en,Thriller,17.6253,6.827,11210,2016.0,6.0
Django Undisputed,2024-04-22,it,Western,17.616,6.0,11,2024.0,4.0
The Substance,2024-09-07,en,Drama,17.6093,7.1,5398,2024.0,9.0
Your Fault,2024-12-26,es,Drama,17.6029,7.135,1460,2024.0,12.0
The Smashing Machine,2025-10-01,en,History,17.5868,6.553,275,2025.0,10.0
Godzilla x Kong: The New Empire,2024-03-27,en,Action,17.5451,7.075,4410,2024.0,3.0
Spirited Away,2001-07-20,ja,Animation,17.4783,8.534,17679,2001.0,7.0
Sree Hari Hara Sudhan Swami Ayyappan,2017-04-17,ta,Animation,15.6514,9.0,3,2017.0,4.0
Harry Potter and the Deathly Hallows: Part 2,2011-07-12,en,Adventure,15.7066,8.083,21455,2011.0,7.0
X,2022-03-17,en,Horror,14.9206,6.736,3738,2022.0,3.0
The Wild Robot,2024-09-12,en,Animation,20.792,8.318,5527,2024.0,9.0
Fast X,2023-05-17,en,Action,17.1658,7.015,6117,2023.0,5.0
Ratatouille,2007-06-28,en,Animation,17.9356,7.8,17951,2007.0,6.0
Flight Risk,2025-01-22,en,Action,15.5741,5.985,1039,2025.0,1.0
HIM,2025-09-18,en,Horror,16.6752,5.846,241,2025.0,9.0
365 Days: This Day,2022-04-26,pl,Romance,17.7532,5.934,1787,2022.0,4.0
The Maze Runner,2014-09-10,en,Action,16.8062,7.192,17712,2014.0,9.0
Anora,2024-10-14,en,Drama,15.3915,7.047,2761,2024.0,10.0
Forrest Gump,1994-06-23,en,Comedy,16.185,8.463,28901,1994.0,6.0
Fight Club,1999-10-15,en,Drama,16.3002,8.438,31053,1999.0,10.0
November,2025-10-02,es,Drama,15.1191,0.0,0,2025.0,10.0
"The Chronicles of Narnia: The Lion, the Witch and the Wardrobe",2005-12-07,en,Adventure,17.2196,7.1,11171,2005.0,12.0
A House of Dynamite,2025-10-02,en,Thriller,14.6374,6.374,861,2025.0,10.0
Fifty Shades of Grey,2015-02-11,en,Drama,16.4503,5.88,12174,2015.0,2.0
Pirates of the Caribbean: The Curse of the Black Pearl,2003-07-09,en,Adventure,16.4035,7.8,21629,2003.0,7.0
Harry Potter and the Half-Blood Prince,2009-07-15,en,Adventure,16.3546,7.682,20284,2009.0,7.0
Life Is Beautiful,1997-12-20,it,Comedy,13.9834,8.44,13655,1997.0,12.0
Ne Zha,2019-07-26,zh,Animation,16.8493,7.89,731,2019.0,7.0
Mufasa: The Lion King,2024-12-18,en,Adventure,16.7156,7.345,2457,2024.0,12.0
Oppenheimer,2023-07-19,en,Drama,16.7086,8.044,11012,2023.0,7.0
The Polar Express,2004-11-10,en,Animation,16.6772,6.723,6658,2004.0,11.0
Mom's Friend,2015-08-20,ko,Drama,16.6718,7.0,24,2015.0,8.0
Kiskisan,2024-09-27,tl,Drama,16.6471,6.1,7,2024.0,9.0
Thamma,2025-10-21,hi,Comedy,16.646,6.9,14,2025.0,10.0
My Favourite Cake,2024-07-11,fa,Drama,16.5945,7.3,122,2024.0,7.0
The Baltimorons,2025-08-10,en,Comedy,16.5113,6.658,19,2025.0,8.0
RRR,2022-03-24,te,Action,16.4911,7.7,1480,2022.0,3.0
Skin-Colored Moon,1957-10-08,ja,Mystery,16.451,0.0,0,1957.0,10.0
La Orca,1976-06-01,it,Crime,16.4453,5.2,26,1976.0,6.0
Aquaman,2018-12-07,en,Action,16.4018,6.872,14595,2018.0,12.0
Fuuto PI: The Portrait of Kamen Rider Skull,2024-11-08,ja,Animation,16.375,7.9,7,2024.0,11.0
Nobody,2021-03-18,en,Action,16.3717,7.9,7904,2021.0,3.0
Toy Story,1995-11-22,en,Family,16.3243,8.0,19327,1995.0,11.0
Coraline,2009-02-05,en,Animation,16.2833,7.9,8667,2009.0,2.0
Frost/Nixon,2008-10-15,en,Drama,16.2817,7.274,1244,2008.0,10.0
Spider-Man: Across the Spider-Verse,2023-05-31,en,Animation,16.2312,8.34,8059,2023.0,5.0
Dangerous Animals,2025-06-05,en,Horror,16.1999,6.435,364,2025.0,6.0
The Green Mile,1999-12-10,en,Fantasy,16.1526,8.503,18582,1999.0,12.0
Ligaw,2025-05-09,tl,Drama,16.1236,6.0,5,2025.0,5.0
Light of the World,2025-09-04,en,Animation,16.104,9.0,5,2025.0,9.0
Prisoner of War,2025-09-19,en,Action,16.1001,7.2,123,2025.0,9.0
Barbie,2023-07-19,en,Comedy,16.0741,6.945,10502,2023.0,7.0
TRON: Legacy,2010-12-14,en,Adventure,16.0021,6.528,7623,2010.0,12.0
Striking Rescue,2024-12-05,zh,Action,15.9789,7.42,143,2024.0,12.0
Ice Age,2002-03-14,en,Animation,15.9438,7.367,13916,2002.0,3.0
Wake,2024-05-23,en,Horror,15.9423,5.5,26,2024.0,5.0
Covet: Island of Desire,2017-05-04,ko,Romance,15.9382,5.5,14,2017.0,5.0
Anthem,2023-06-11,en,Documentary,15.8789,5.357,7,2023.0,6.0
Mama Jack,2005-01-01,en,Comedy,15.7946,5.7,14,2005.0,1.0
Hostile Takeover,2025-08-08,en,Action,15.7859,7.1,32,2025.0,8.0
Late Winter,2022-08-18,es,Drama,15.7663,2.0,1,2022.0,8.0
A Shoe Addict's Christmas,2018-11-25,en,Romance,15.7561,6.253,75,2018.0,11.0
The Visitor,2022-06-11,es,Drama,15.7378,4.0,4,2022.0,6.0
The Lost Princess,2025-10-16,en,Action,15.7269,6.225,40,2025.0,10.0
Night Carnage,2025-07-29,fr,Action,15.7235,5.8,60,2025.0,7.0
28 Years Later,2025-06-18,en,Horror,15.7138,6.669,1742,2025.0,6.0
Taken,2008-02-18,en,Action,15.6975,7.399,11757,2008.0,2.0
Die Hard,1988-07-15,en,Action,15.6884,7.8,11808,1988.0,7.0
The Black Phone,2022-06-16,en,Horror,15.653,7.548,5530,2022.0,6.0
Mothering Sunday,2021-11-12,en,Romance,15.6066,5.4,118,2021.0,11.0
Troy,2004-05-13,en,War,15.5727,7.2,10714,2004.0,5.0
Les irresponsables,2025-07-24,ca,Comedy,15.52,5.0,3,2025.0,7.0
The Lord of the Rings: The Two Towers,2002-12-18,en,Adventure,15.5154,8.4,23142,2002.0,12.0
Tere Ishk Mein,2025-11-28,hi,Romance,15.5089,0.0,0,2025.0,11.0
The Power of the Present,2017-06-27,en,Documentary,15.4994,8.5,14,2017.0,6.0
Back to the Future,1985-07-03,en,Adventure,15.4762,8.323,21108,1985.0,7.0
The Gateway,2018-05-03,en,Science Fiction,15.4675,5.528,53,2018.0,5.0
Hachi: A Dog's Tale,2009-06-08,en,Drama,15.4549,8.01,6979,2009.0,6.0
Love Actually,2003-09-07,en,Comedy,15.4126,7.1,7115,2003.0,9.0
Young Hearts,2024-10-26,nl,Drama,15.4117,8.503,179,2024.0,10.0
Dead of Winter,2025-09-23,en,Thriller,15.3786,6.443,96,2025.0,9.0
A Man Called Otto,2022-12-28,en,Comedy,15.3626,7.8,3333,2022.0,12.0
"Monsters, Inc.",2001-11-01,en,Animation,15.318,7.847,19261,2001.0,11.0
Iron Man 2,2010-04-28,en,Adventure,15.316,6.848,21857,2010.0,4.0
Kelas Bintang - Mangga Muda,2023-05-10,mi,Drama,15.3127,8.0,1,2023.0,5.0
Die My Love,2025-10-06,en,Drama,15.2868,6.913,80,2025.0,10.0
Red Sonja,2025-07-31,en,Adventure,15.2085,5.8,138,2025.0,7.0
The Stringer: The Man Who Took the Photo,2025-01-25,en,Documentary,15.2036,8.3,9,2025.0,1.0
Fury 12 Hours,2024-08-28,zh,Action,15.1412,5.9,5,2024.0,8.0
Baramulla,2025-11-06,hi,Horror,15.118,5.56,25,2025.0,11.0
Dune: Part Two,2024-02-27,en,Science Fiction,15.1116,8.1,7245,2024.0,2.0
Her,2013-12-18,en,Romance,15.0996,7.846,14884,2013.0,12.0
Belle épine,2010-11-10,fr,Drama,15.0969,5.446,56,2010.0,11.0
The Three Superboys Strike Again,1976-01-01,tr,Comedy,15.0945,6.5,8,1976.0,1.0
Nerve,2011-12-07,en,Comedy,15.092,6.9,6,2011.0,12.0
Our Friend,2019-09-04,en,Drama,15.0513,7.142,330,2019.0,9.0
Elf,2003-11-07,en,Comedy,14.9689,6.658,4321,2003.0,11.0
Kamen Rider Gavv: Invaders of the Candy House,2025-07-25,ja,Action,14.9513,0.0,0,2025.0,7.0
Dollhouse,2025-06-13,ja,Horror,14.925,6.8,6,2025.0,6.0
Prey,2022-08-02,en,Thriller,14.9158,7.674,7373,2022.0,8.0
Pirates of the Caribbean: Dead Man's Chest,2006-07-06,en,Adventure,14.87,7.373,16723,2006.0,7.0
Sisu,2022-09-09,fi,Action,14.8332,7.403,2524,2022.0,9.0
Together,2025-07-28,en,Horror,14.8053,7.118,727,2025.0,7.0
How to Make a Killing,2025-01-01,fr,Comedy,14.7882,6.452,219,2025.0,1.0
War 2,2025-08-13,hi,Action,14.774,5.545,44,2025.0,8.0
Pleasure or Pain,2013-09-05,en,Drama,14.7575,4.8,88,2013.0,9.0
Nobody,2025-08-02,zh,Animation,14.7485,7.529,35,2025.0,8.0
Gladiator,2000-05-04,en,Action,14.7427,8.221,20256,2000.0,5.0
Dìdi (弟弟),2024-07-26,en,Comedy,14.7122,7.178,174,2024.0,7.0
Alien: Romulus,2024-08-13,en,Horror,14.6826,7.177,4131,2024.0,8.0
Genshin Impact: Star Odyssey,2025-06-12,zh,Animation,14.5567,0.0,0,2025.0,6.0
The Delights of the Garden,2025-09-19,es,Comedy,14.5477,4.0,1,2025.0,9.0
The Lion King,1994-06-15,en,Family,14.4922,8.256,19177,1994.0,6.0
The Housemaid,2025-12-19,en,Mystery,14.481,0.0,0,2025.0,12.0
Smile 2,2024-10-16,en,Horror,14.4352,6.597,1909,2024.0,10.0
Big Hero 6,2014-10-24,en,Adventure,14.4192,7.7,16195,2014.0,10.0
When a Hot Night Opens 2,2021-07-29,ko,Drama,14.4085,6.0,1,2021.0,7.0
Ask Me What You Want,2024-11-29,es,Romance,14.3836,6.183,252,2024.0,11.0
Cinderella,2015-03-06,en,Romance,14.3768,6.8,7255,2015.0,3.0
Pirates of the Caribbean: At World's End,2007-05-19,en,Adventure,14.3045,7.266,15053,2007.0,5.0
GoodFellas,1990-09-12,en,Drama,14.303,8.453,13810,1990.0,9.0
Kung Fu Panda 4,2024-03-02,en,Animation,14.2382,7.03,3288,2024.0,3.0
If I Had Legs I'd Kick You,2025-10-10,en,Drama,14.202,6.776,59,2025.0,10.0
Marty Supreme,2025-12-19,en,Drama,14.1848,0.0,0,2025.0,12.0
The Hobbit: The Battle of the Five Armies,2014-12-10,en,Action,14.1719,7.3,14921,2014.0,12.0
Maintenance Required,2025-10-07,en,Romance,14.1633,5.909,132,2025.0,10.0
The Hobbit: An Unexpected Journey,2012-12-12,en,Adventure,14.1627,7.364,19135,2012.0,12.0
Mutual Relations,2015-12-01,ko,Comedy,14.1472,6.5,19,2015.0,12.0
Creation of the Gods II: Demon Force,2025-01-29,zh,Action,14.1039,6.4,115,2025.0,1.0
The Garfield Movie,2024-04-30,en,Family,14.0982,7.0,1354,2024.0,4.0
Fatima,2020-08-13,en,Drama,14.0683,7.208,192,2020.0,8.0
Real Steel,2011-09-28,en,Action,14.0683,7.063,8830,2011.0,9.0
The Terminator,1984-10-26,en,Action,14.0542,7.674,14019,1984.0,10.0
John Wick: Chapter 4,2023-03-22,en,Action,14.0336,7.717,7502,2023.0,3.0
Taxi Driver,1976-02-09,en,Crime,14.0189,8.132,13004,1976.0,2.0
Love Is in the Green Wind,1974-11-23,ja,Drama,13.9998,6.9,22,1974.0,11.0
The Mummy,1999-04-16,en,Adventure,13.9997,6.953,9606,1999.0,4.0
A Christmas Carol,2009-11-04,en,Animation,13.973,6.9,4773,2009.0,11.0
My Fault: London,2025-02-12,en,Drama,13.9728,7.431,492,2025.0,2.0
Good Fortune,2025-10-14,en,Comedy,13.953,7.102,288,2025.0,10.0
Tangled,2010-11-24,en,Animation,13.947,7.6,12022,2010.0,11.0
Kung Fu Panda,2008-06-04,en,Animation,13.9434,7.31,12219,2008.0,6.0
The Stolen Painting,2024-05-01,fr,Drama,13.9197,6.1,107,2024.0,5.0
Jaws,1975-06-20,en,Horror,13.9166,7.681,11159,1975.0,6.0
Scarface,1983-12-09,en,Action,13.8877,8.158,12587,1983.0,12.0
Mrs. Doubtfire,1993-11-24,en,Comedy,13.8852,7.192,6400,1993.0,11.0
Finding Nemo,2003-05-30,en,Animation,13.8839,7.8,20071,2003.0,5.0
Heretic,2024-10-31,en,Horror,13.8503,6.972,2309,2024.0,10.0
Se7en,1995-09-22,en,Crime,13.8339,8.377,22330,1995.0,9.0
The Hunger Games: Mockingjay - Part 1,2014-11-19,en,Science Fiction,13.8126,6.816,16398,2014.0,11.0
The Monuments Men,2014-01-24,en,War,13.8011,6.065,3712,2014.0,1.0
Bad Boys: Ride or Die,2024-06-05,en,Action,13.7897,7.347,3129,2024.0,6.0
Cars 2,2011-06-11,en,Animation,13.7245,6.2,8229,2011.0,6.0
Me Before You,2016-06-01,en,Drama,13.6899,7.926,12899,2016.0,6.0
Playtime,1995-05-23,en,Drama,13.6622,2.9,8,1995.0,5.0
Alien,1979-05-25,en,Horror,13.6521,8.167,15780,1979.0,5.0
Desconocido,2022-10-13,es,Horror,13.6502,0.0,0,2022.0,10.0
The Nightmare Before Christmas,1993-10-09,en,Fantasy,13.619,7.835,10026,1993.0,10.0
Tenung,2025-06-05,id,Horror,13.5957,6.3,5,2025.0,6.0
My Hero Academia: You're Next,2024-08-02,ja,Animation,13.5728,7.2,180,2024.0,8.0
Pirates of the Caribbean: On Stranger Tides,2011-05-15,en,Adventure,13.5685,6.564,14600,2011.0,5.0
Avengers: Endgame,2019-04-24,en,Adventure,13.5434,8.2,26964,2019.0,4.0
Spider-Man: Homecoming,2017-07-05,en,Action,13.5414,7.329,22634,2017.0,7.0
Batman Begins,2005-06-10,en,Drama,13.5316,7.7,21999,2005.0,6.0
Shivam,2015-10-02,te,Action,13.5205,4.75,8,2015.0,10.0
The Equalizer,2014-09-24,en,Thriller,13.4966,7.282,9597,2014.0,9.0
Howl's Moving Castle,2004-09-09,ja,Fantasy,13.4821,8.4,10638,2004.0,9.0
Spider-Man: Far From Home,2019-06-28,en,Action,13.4147,7.399,16475,2019.0,6.0
Osiris,2025-07-25,en,Science Fiction,13.4103,6.303,145,2025.0,7.0
Star Wars,1977-05-25,en,Adventure,13.404,8.2,21691,1977.0,5.0
Anaconda,2024-03-01,zh,Adventure,13.3955,7.2,113,2024.0,3.0
Psycho,1998-12-04,en,Horror,13.3903,5.1,1014,1998.0,12.0
The Wizard of Oz,1939-08-15,en,Adventure,13.3888,7.6,5908,1939.0,8.0
First Taste,2024-08-07,tl,Romance,13.36,5.0,7,2024.0,8.0
Mission: Impossible - Dead Reckoning Part One,2023-07-08,en,Action,13.3581,7.518,4746,2023.0,7.0
Kayara,2025-01-02,en,Animation,13.3575,7.6,106,2025.0,1.0
Zebra Lounge,2001-10-04,en,Thriller,13.3545,4.262,42,2001.0,10.0
Behind the Curtain: Stranger Things: The First Shadow,2025-04-14,en,Documentary,13.3504,7.4,10,2025.0,4.0
Django Unchained,2012-12-25,en,Drama,13.3262,8.185,27291,2012.0,12.0
Toy Story 3,2010-06-16,en,Animation,13.3244,7.804,15307,2010.0,6.0
Gun of the Black Sun,2011-03-04,en,Fantasy,13.2991,3.0,2,2011.0,3.0
Mickey 17,2025-02-28,en,Science Fiction,13.2942,6.843,2928,2025.0,2.0
Catch Me If You Can,2002-12-16,en,Drama,13.2891,8.0,16525,2002.0,12.0
RRRrrrr!!!,2004-01-28,fr,Comedy,13.2401,6.308,1221,2004.0,1.0
Penguin Highway,2018-08-17,ja,Animation,13.2345,7.1,242,2018.0,8.0
Whiplash,2014-10-10,en,Drama,13.1762,8.375,16095,2014.0,10.0
Rio,2011-04-03,en,Animation,13.1754,6.753,6982,2011.0,4.0
The Elixir,2025-10-22,id,Horror,13.1477,6.014,143,2025.0,10.0
Inglourious Basterds,2009-08-02,en,Drama,13.1299,8.215,23451,2009.0,8.0
Madagascar,2005-05-25,en,Family,13.1246,6.917,11371,2005.0,5.0
Demon Slayer -Kimetsu no Yaiba- The Movie: Mugen Train,2020-10-16,ja,Animation,13.1113,8.211,4323,2020.0,10.0
Snow White,2025-03-19,en,Family,13.0368,4.3,1454,2025.0,3.0
Blade Runner 2049,2017-10-04,en,Science Fiction,13.0278,7.586,14567,2017.0,10.0
The Imitation Game,2014-11-14,en,History,13.0051,7.99,17665,2014.0,11.0
White Chicks,2004-06-23,en,Comedy,12.9864,6.938,4327,2004.0,6.0
Long Distance,2024-07-12,en,Science Fiction,12.9651,6.526,215,2024.0,7.0
Eenie Meanie,2025-08-21,en,Thriller,12.9638,6.361,251,2025.0,8.0
Hedda,2025-10-22,en,Drama,12.9545,5.1,60,2025.0,10.0
Winter in Vail,2020-01-04,en,TV Movie,12.9449,6.856,52,2020.0,1.0
The Predator,2018-09-05,en,Science Fiction,12.944,5.633,4955,2018.0,9.0
Boyka: Undisputed IV,2016-08-01,en,Action,12.9186,7.2,1410,2016.0,8.0
The SpongeBob Movie: Search for SquarePants,2025-12-18,en,Family,12.9029,0.0,0,2025.0,12.0
Annabelle,2014-10-01,en,Horror,12.874,5.788,6410,2014.0,10.0
The Incredibles,2004-11-05,en,Action,12.8723,7.7,18437,2004.0,11.0
Captain Avispa,2024-04-04,es,Animation,12.8647,7.1,40,2024.0,4.0
Drive,2011-09-15,en,Drama,12.8547,7.583,13208,2011.0,9.0
Get Fast,2024-12-12,en,Action,12.8529,5.697,33,2024.0,12.0
Isaac Littlefeathers,1984-12-07,en,Drama,12.8513,0.0,0,1984.0,12.0
Tron,1982-07-09,en,Science Fiction,12.8408,6.649,2566,1982.0,7.0
Mom's Friend 2,2016-09-01,ko,Romance,12.8376,6.1,15,2016.0,9.0
Fast X: Part 2,2025-04-01,en,Action,12.8252,0.0,0,2020,4
Aarya,2004-05-07,te,Drama,12.811,6.5,42,2004.0,5.0
A Serbian Film,2010-01-06,sr,Crime,12.7929,5.4,2136,2010.0,1.0
The Truman Show,1998-06-04,en,Comedy,12.7873,8.149,19512,1998.0,6.0
Shutter Island,2010-02-14,en,Drama,12.7699,8.202,25101,2010.0,2.0
Terminator 2: Judgment Day,1991-07-03,en,Action,12.7668,8.1,13727,1991.0,7.0
Guardians of the Galaxy Vol. 3,2023-05-03,en,Science Fiction,12.7663,7.9,7807,2023.0,5.0
Sing 2,2021-12-01,en,Family,12.7496,7.837,4659,2021.0,12.0
Hamnet,2025-11-26,en,Drama,12.6984,8.2,4,2025.0,11.0
The Lorax,2012-03-01,en,Animation,12.6752,6.5,3761,2012.0,3.0
The Day the Earth Blew Up: A Looney Tunes Movie,2024-08-01,en,Family,12.6158,7.694,179,2024.0,8.0
I Swear,2025-09-22,en,Drama,12.6055,8.0,20,2025.0,9.0
Caught Stealing,2025-08-26,en,Crime,12.561,6.916,564,2025.0,8.0
How to Make a Killing,2026-02-20,en,Thriller,12.5543,0.0,0,2026.0,2.0
The Dark Knight Rises,2012-07-17,en,Action,12.5541,7.789,23743,2012.0,7.0
Kingdom of the Planet of the Apes,2024-05-08,en,Science Fiction,12.5537,7.056,3980,2024.0,5.0
The Hangover,2009-06-02,en,Comedy,12.5487,7.3,17633,2009.0,6.0
Rita,2024-03-22,tl,Drama,12.5407,6.05,20,2024.0,3.0
Materialists,2025-06-12,en,Romance,12.4928,6.503,891,2025.0,6.0
Iron Man,2008-04-30,en,Action,12.4835,7.654,27490,2008.0,4.0
"Sorry, Baby",2025-06-27,en,Drama,12.4719,6.8,145,2025.0,6.0
Bride Hard,2025-06-19,en,Action,12.4182,5.564,141,2025.0,6.0
How to Train Your Dragon,2010-03-18,en,Fantasy,12.4115,7.854,13905,2010.0,3.0
National Lampoon's Christmas Vacation,1989-11-30,en,Comedy,12.4055,7.2,2556,1989.0,11.0
Puss in Boots: The Last Wish,2022-12-07,en,Animation,12.4003,8.21,8505,2022.0,12.0
Fury,2014-10-15,en,War,12.3489,7.54,12584,2014.0,10.0
Iron Man 3,2013-04-18,en,Action,12.3448,6.93,22949,2013.0,4.0
Diablo,2025-06-13,en,Action,12.3445,7.293,153,2025.0,6.0
Twilight,2008-11-20,en,Fantasy,12.3323,6.284,14082,2008.0,11.0
The Suicide Squad,2021-07-28,en,Action,12.3316,7.5,9248,2021.0,7.0
The Mannequin,2025-08-24,en,Horror,12.3248,6.056,18,2025.0,8.0
Anemone,2025-10-02,en,Drama,12.3148,6.2,61,2025.0,10.0
The Notebook,2004-06-25,en,Romance,12.3055,7.892,12184,2004.0,6.0
Predator 2,1990-11-21,en,Science Fiction,12.2956,6.292,3611,1990.0,11.0
Call Me by Your Name,2017-07-28,en,Romance,12.2938,8.101,12501,2017.0,7.0
Train to Busan,2016-07-20,ko,Horror,12.2722,7.748,8055,2016.0,7.0
Pillion,2025-10-31,en,Romance,12.2674,6.875,8,2025.0,10.0
Penguins of Madagascar,2014-11-22,en,Family,12.2326,6.53,4342,2014.0,11.0
Alice in Wonderland,2010-03-03,en,Family,12.1812,6.636,14477,2010.0,3.0
Jumanji 3,2026-12-09,en,Fantasy,12.1737,0.0,0,2026.0,12.0
The Beguines,1972-09-19,fr,Drama,12.1686,5.05,10,1972.0,9.0
Inside Out,2015-06-17,en,Animation,12.1582,7.91,22952,2015.0,6.0
The Equalizer 3,2023-08-30,en,Action,12.1559,7.295,3484,2023.0,8.0
The Emperor's New Groove,2000-12-15,en,Adventure,12.1313,7.6,7087,2000.0,12.0
Final Weapon,,en,Action,12.1265,0.0,0,2020,6
Ready Player One,2018-03-28,en,Adventure,12.1211,7.585,16393,2018.0,3.0
Dirty Angels,2024-12-11,en,Action,12.1185,6.184,343,2024.0,12.0
Joker,2019-10-01,en,Crime,12.0973,8.1,27022,2019.0,10.0
Presence,2025-01-17,en,Horror,12.0812,6.096,612,2025.0,1.0
Irreversible,2002-05-22,fr,Drama,12.0778,7.181,3138,2002.0,5.0
Trail of Vengeance,2025-05-23,en,Western,12.0422,3.833,3,2025.0,5.0
Palm Springs,2020-07-10,en,Comedy,12.0415,7.334,3472,2020.0,7.0
Solo Leveling -ReAwakening-,2024-11-26,ja,Action,12.0262,7.027,244,2024.0,11.0
From Darkness,2024-03-22,sv,Horror,12.0189,6.393,14,2024.0,3.0
Dr. Seuss's The Sneetches,2025-11-03,en,Animation,12.0077,7.2,10,2025.0,11.0
Aftermath,2024-09-27,en,Action,11.9969,6.273,163,2024.0,9.0
The Conjuring,2013-07-18,en,Horror,11.9901,7.541,12360,2013.0,7.0
Spider-Man 3,2007-05-01,en,Action,11.9843,6.4,14788,2007.0,5.0
Aashiqui 2,2013-04-26,hi,Drama,11.9765,6.792,178,2013.0,4.0
Rustom,2016-08-12,hi,Thriller,11.9757,6.7,129,2016.0,8.0
Terrifier 3,2024-10-09,en,Horror,11.9718,6.8,1819,2024.0,10.0
Guns Up,2025-05-15,en,Action,11.9714,6.6,127,2025.0,5.0
Ramayana: Part One,2026-11-06,hi,Action,11.9562,0.0,0,2026.0,11.0
Ladies' Doctor,1977-09-13,it,Comedy,11.9502,4.294,17,1977.0,9.0
Sugar Baby,2024-10-15,en,Thriller,11.9242,6.3,19,2024.0,10.0
Aztec Batman: Clash of Empires,2025-09-18,es,Animation,11.9217,7.76,121,2025.0,9.0
Shadow Force,2025-05-01,en,Action,11.8969,6.358,215,2025.0,5.0
Casino Royale,1967-04-13,en,Adventure,11.8945,5.252,784,1967.0,4.0
Wanted,2008-06-19,en,Action,11.8941,6.5,7378,2008.0,6.0
Butchers Book Two: Raghorn,2024-02-29,en,Horror,11.8872,4.684,19,2024.0,2.0
Nélida,2023-04-16,es,Drama,11.8848,2.0,1,2023.0,4.0
Wonder Woman,2017-05-30,en,Action,11.8657,7.214,20551,2017.0,5.0
The Beekeeper,2024-01-08,en,Action,11.8516,7.275,3893,2024.0,1.0
Dagger Eyes,1983-11-28,it,Drama,11.8357,5.132,19,1983.0,11.0
Spider-Man: Into the Spider-Verse,2018-12-06,en,Animation,11.8315,8.395,16632,2018.0,12.0
Sweethearts,2024-10-31,en,Comedy,11.8284,5.759,85,2024.0,10.0
Beauty and the Beast,2017-03-16,en,Family,11.8184,7.0,15832,2017.0,3.0
Spider-Man,2002-05-01,en,Action,11.8091,7.3,20056,2002.0,5.0
Ghosted,2023-04-18,en,Action,11.7909,6.909,2054,2023.0,4.0
Home Alone 4,2002-11-03,en,Comedy,11.7742,4.5,1326,2002.0,11.0
Elemental,2023-06-14,en,Family,11.7502,7.593,5040,2023.0,6.0
The Son of a Thousand Men,2025-10-30,pt,Drama,11.7171,7.217,24,2025.0,10.0
King Kong,2005-12-12,en,Adventure,11.6721,6.888,8266,2005.0,12.0
Anaconda,2025-12-24,en,Adventure,11.6575,0.0,0,2025.0,12.0
The Illusionist,2010-06-16,fr,Animation,11.6488,7.3,649,2010.0,6.0
Beauty and the Beast,1991-10-22,en,Romance,11.6446,7.729,10386,1991.0,10.0
Alarum,2025-01-16,en,Action,11.6433,5.688,373,2025.0,1.0
French Lover,2025-09-25,fr,Romance,11.6336,5.983,178,2025.0,9.0
Gladiator II,2024-11-13,en,Action,11.6315,6.65,4023,2024.0,11.0
Pinocchio,2022-09-07,en,Fantasy,11.6152,6.303,1688,2022.0,9.0
Kung Fu Hustle,2004-02-10,cn,Action,11.6148,7.478,3025,2004.0,2.0
The Menu,2022-11-17,en,Comedy,11.6053,7.17,5737,2022.0,11.0
Our Men,2021-10-06,fr,Drama,11.6006,5.0,33,2021.0,10.0
It Was Just an Accident,2025-09-27,fa,Drama,11.593,7.1,155,2025.0,9.0
Rain Man,1988-12-12,en,Drama,11.5736,7.752,6781,1988.0,12.0
Warfare,2025-04-09,en,War,11.561,7.12,1139,2025.0,4.0
The Monkey,2025-02-14,en,Horror,11.5544,5.995,1113,2025.0,2.0
The Book,2024-11-08,es,Horror,11.5538,5.444,9,2024.0,11.0
Damsel,2024-03-07,en,Fantasy,11.5531,6.997,2603,2024.0,3.0
The Archies,2023-12-07,hi,Comedy,11.5462,5.733,60,2023.0,12.0
Ella McCay,2025-12-11,en,Comedy,11.5405,0.0,0,2025.0,12.0
GATAO: Big Brothers,2025-08-21,zh,Crime,11.5362,7.0,3,2025.0,8.0
Léon: The Professional,1994-09-14,fr,Crime,11.5362,8.299,15591,1994.0,9.0
Legends of the Condor Heroes: The Gallants,2025-01-29,zh,Action,11.515,6.9,74,2025.0,1.0
Captain America: Civil War,2016-04-27,en,Adventure,11.5036,7.4,23538,2016.0,4.0
The Woman in Cabin 10,2025-10-09,en,Mystery,11.4974,6.199,701,2025.0,10.0
Saving Private Ryan,1998-07-24,en,War,11.4772,8.221,16675,1998.0,7.0
The Veteran,2011-04-29,en,Action,11.475,5.791,129,2011.0,4.0
Pretty Woman,1990-03-23,en,Romance,11.4576,7.461,8704,1990.0,3.0
The Voyeurs,2021-08-25,en,Thriller,11.4569,6.527,1086,2021.0,8.0
Padre no hay más que uno 5: Nido repleto,2025-06-26,es,Comedy,11.4363,6.5,30,2025.0,6.0
Cage Dive,2017-08-11,en,Horror,11.4342,4.6,339,2017.0,8.0
The Senior,2025-09-18,en,Drama,11.4296,6.219,16,2025.0,9.0
Bingo Bongo,1982-12-23,it,Comedy,11.413,5.701,164,1982.0,12.0
"The Good, the Bad and the Ugly",1966-12-22,it,Western,11.4115,8.5,9271,1966.0,12.0
Gremlins,1984-06-08,en,Fantasy,11.4024,7.137,6727,1984.0,6.0
Hot Fuzz,2007-02-14,en,Crime,11.3902,7.6,8018,2007.0,2.0
Toy Story 2,1999-10-30,en,Animation,11.3759,7.604,14490,1999.0,10.0
Kaiju No. 8: Mission Recon,2025-03-28,ja,Animation,11.3645,7.9,74,2025.0,3.0
Erotic Ghost Story III,1992-03-05,cn,Horror,11.3635,5.5,27,1992.0,3.0
Unthinkable,2010-05-26,en,Drama,11.3554,6.802,1361,2010.0,5.0
Tell Me Softly,2025-12-11,es,Romance,11.3489,0.0,0,2025.0,12.0
The Mask,1994-07-29,en,Romance,11.3379,7.0,10857,1994.0,7.0
Dada,2023-02-10,ta,Drama,11.3343,7.438,16,2023.0,2.0
Hacksaw Ridge,2016-10-07,en,Drama,11.3312,8.192,14435,2016.0,10.0
The Devil Wears Prada,2006-06-29,en,Drama,11.3228,7.4,12619,2006.0,6.0
10 Things I Hate About You,1999-03-30,en,Comedy,11.3227,7.59,8630,1999.0,3.0
Cars 3,2017-06-15,en,Animation,11.304,6.9,6200,2017.0,6.0
Avengers: Doomsday,2026-12-17,en,Science Fiction,11.3029,0.0,0,2026.0,12.0
Kingdom of Heaven,2005-05-03,en,Drama,11.3024,7.004,4682,2005.0,5.0
The Corruption,1986-04-17,it,Drama,11.2906,5.167,39,1986.0,4.0
Playing with Love,1977-05-17,it,Drama,11.2905,5.131,84,1977.0,5.0
Tinsel Town,2025-11-28,en,Comedy,11.2819,8.0,3,2025.0,11.0
Da Thadiya,2012-12-21,ml,Comedy,11.2787,6.3,15,2012.0,12.0
WALL·E,2008-06-22,en,Animation,11.2713,8.104,19686,2008.0,6.0
Corpse Bride,2005-09-12,en,Romance,11.2688,7.585,9897,2005.0,9.0
Luca,2021-06-17,en,Animation,11.2619,7.8,8740,2021.0,6.0
Jingle All the Way,1996-11-21,en,Family,11.2595,6.1,2822,1996.0,11.0
Migration,2023-12-06,en,Family,11.2528,7.38,2133,2023.0,12.0
Edward Scissorhands,1990-12-07,en,Fantasy,11.2505,7.719,13440,1990.0,12.0
Gone Girl,2014-10-01,en,Mystery,11.2448,7.9,19452,2014.0,10.0
The Batman,2022-03-01,en,Crime,11.2446,7.7,11400,2022.0,3.0
Red Notice,2021-11-04,en,Action,11.2441,6.752,6188,2021.0,11.0
Buddy's Mom,2015-11-12,ko,Drama,11.2372,5.7,14,2015.0,11.0
The Amazing Spider-Man,2012-06-23,en,Action,11.2271,6.723,18067,2012.0,6.0
Bury Me When I'm Dead,2025-07-14,en,Mystery,11.2105,5.4,7,2025.0,7.0
Lake Mungo,2009-07-30,en,Horror,11.2031,6.2,633,2009.0,7.0
Casino Royale,2006-11-14,en,Adventure,11.1858,7.6,11286,2006.0,11.0
Transformers: Rise of the Beasts,2023-06-06,en,Science Fiction,11.1802,7.2,5088,2023.0,6.0
Doctor Strange in the Multiverse of Madness,2022-05-04,en,Fantasy,11.1495,7.237,9897,2022.0,5.0
Lovely Boy,2021-09-10,it,Drama,11.1444,6.0,46,2021.0,9.0
28 Years Later: The Bone Temple,2026-01-14,en,Horror,11.1424,0.0,0,2026.0,1.0
The Twits,2025-10-17,en,Animation,11.1345,5.986,69,2025.0,10.0
Three,2005-11-16,en,Adventure,11.1327,5.561,270,2005.0,11.0
Vultures,2025-07-02,fr,Thriller,11.114,6.529,51,2025.0,7.0
The Age of Disclosure,2025-11-21,en,Documentary,11.0915,7.9,18,2025.0,11.0
Uncle Buck,1989-08-16,en,Comedy,11.0913,6.8,1278,1989.0,8.0
Abraham's Boys: A Dracula Story,2025-07-11,en,Horror,11.0679,5.411,28,2025.0,7.0
My Oxford Year,2025-07-31,en,Romance,11.0619,7.033,485,2025.0,7.0
Wrong Turn,2003-05-30,en,Horror,11.0618,6.372,2883,2003.0,5.0
Abigail,2024-04-16,en,Horror,11.0583,6.715,1804,2024.0,4.0
Subservience,2024-08-15,en,Science Fiction,11.0571,6.634,896,2024.0,8.0
Leo,2023-11-17,en,Animation,11.0377,7.392,1285,2023.0,11.0
The Ritual,2025-04-18,en,Horror,11.0355,5.9,242,2025.0,4.0
Holidate,2020-10-27,en,Comedy,11.034,6.986,2287,2020.0,10.0
Moonfall,2022-02-02,en,Science Fiction,11.0325,6.265,3403,2022.0,2.0
The Matrix Resurrections,2021-12-16,en,Science Fiction,11.0299,6.36,6190,2021.0,12.0
Homo Argentum,2025-08-14,es,Comedy,11.0147,5.5,11,2025.0,8.0
Tinker Bell,2008-09-11,en,Animation,11.0124,6.912,1524,2008.0,9.0
Schindler's List,1993-12-15,en,Drama,11.0112,8.6,16886,1993.0,12.0
Man of Steel,2013-06-12,en,Action,11.0081,6.64,15790,2013.0,6.0
The Brutalist,2024-12-20,en,Drama,11.0035,7.0,1422,2024.0,12.0
The Snatch Thief,2018-06-07,es,Drama,11.0035,6.464,14,2018.0,6.0
Babygirl,2024-12-25,en,Drama,11.0013,5.723,1013,2024.0,12.0
Pan's Labyrinth,2006-10-11,es,Fantasy,11.0011,7.758,11130,2006.0,10.0
STRAW,2025-06-05,en,Thriller,10.9987,7.803,873,2025.0,6.0
Venom,2018-09-28,en,Science Fiction,10.9953,6.827,16860,2018.0,9.0
Elyas,2024-07-03,fr,Action,10.9929,6.1,137,2024.0,7.0
Braveheart,1995-05-24,en,Action,10.9827,7.9,10722,1995.0,5.0
The Hand That Rocks the Cradle,2025-10-16,en,Horror,10.9782,5.717,99,2025.0,10.0
Eddington,2025-07-16,en,Western,10.9681,6.48,508,2025.0,7.0
RE:BORN,2016-09-24,ja,Action,10.9516,7.117,240,2016.0,9.0
The Little Mermaid,2023-05-18,en,Adventure,10.9469,6.29,3190,2023.0,5.0
I Know What You Did Last Summer,2025-07-16,en,Horror,10.9467,5.81,550,2025.0,7.0
Good Will Hunting,1997-12-05,en,Drama,10.9448,8.157,13287,1997.0,12.0
Exhuma,2024-02-22,ko,Mystery,10.939,7.534,593,2024.0,2.0
Haslers,2023-12-08,tl,Drama,10.938,4.0,4,2023.0,12.0
Jurassic World Dominion,2022-06-01,en,Adventure,10.9338,6.631,6747,2022.0,6.0
LEGO Frozen: Operation Puffins,2025-10-23,en,Animation,10.9277,6.1,16,2025.0,10.0
The Life of Chuck,2025-06-05,en,Fantasy,10.9271,7.349,573,2025.0,6.0
Rocky Balboa,2006-12-20,en,Drama,10.9181,6.877,3682,2006.0,12.0
They Were Witches,2025-09-08,es,Horror,10.9159,4.667,3,2025.0,9.0
How to Train Your Dragon 2,2014-06-05,en,Fantasy,10.9152,7.677,10125,2014.0,6.0
Ma,2019-05-29,en,Horror,10.9134,5.82,2365,2019.0,5.0
Girls Trip,2017-07-21,en,Comedy,10.9084,6.8,1542,2017.0,7.0
Love Untangled,2025-08-28,ko,Romance,10.9077,8.425,135,2025.0,8.0
Mad Max: Fury Road,2015-05-13,en,Action,10.9062,7.628,23538,2015.0,5.0
Lurker,2025-08-22,en,Drama,10.9007,6.571,21,2025.0,8.0
Going Places,1974-03-20,fr,Comedy,10.885,6.701,477,1974.0,3.0
Predators,2010-07-07,en,Science Fiction,10.8734,6.3,4424,2010.0,7.0
Anniversary,2025-10-29,en,Thriller,10.8609,6.767,43,2025.0,10.0
The Man Without a Face,1928-01-15,en,Adventure,10.8607,0.0,0,1928.0,1.0
Shrek 2,2004-05-19,en,Animation,10.8585,7.3,13035,2004.0,5.0
Girls,1919-06-29,en,Comedy,10.8488,0.0,0,1919.0,6.0
Megamind,2010-10-28,en,Animation,10.8488,7.013,7232,2010.0,10.0
The Lover,1992-01-22,fr,Drama,10.8373,7.0,731,1992.0,1.0
Pixels,2015-07-16,en,Action,10.8277,5.761,7837,2015.0,7.0
Chicken Little,2005-11-04,en,Animation,10.8242,5.903,4057,2005.0,11.0
Jujutsu Kaisen 0,2021-12-24,ja,Animation,10.8005,8.123,1584,2021.0,12.0
12th Fail,2023-08-11,hi,Drama,10.7813,7.964,194,2023.0,8.0
The Amazing Spider-Man 2,2014-04-16,en,Action,10.7765,6.5,13844,2014.0,4.0
Polar,2019-01-25,en,Action,10.7689,6.3,2381,2019.0,1.0
Joseph,1995-04-10,en,Adventure,10.7626,8.2,218,1995.0,4.0
Paranormal Activity,2007-09-14,en,Horror,10.7585,6.036,5275,2007.0,9.0
Grown Ups 2,2013-07-11,en,Comedy,10.7524,6.1,4533,2013.0,7.0
My Hero Academia: Heroes Rising,2019-12-20,ja,Animation,10.7506,8.1,1236,2019.0,12.0
Pearl,2022-09-16,en,Horror,10.7357,7.2,2393,2022.0,9.0
Teenage Mutant Ninja Turtles,2014-08-07,en,Science Fiction,10.7354,5.925,7031,2014.0,8.0
Evil Dead Rise,2023-04-12,en,Horror,10.7341,6.9,3448,2023.0,4.0
The Illusioned Ones,2025-01-10,tl,Drama,10.7275,5.429,7,2025.0,1.0
The Hobbit: The Desolation of Smaug,2013-12-11,en,Fantasy,10.7246,7.6,13771,2013.0,12.0
The Amateur,2025-04-09,en,Thriller,10.7043,6.975,1367,2025.0,4.0
The Three Avengers,1979-03-15,cn,Action,10.7025,7.9,5,1979.0,3.0
Red Shirley,2010-04-20,en,Documentary,10.6925,0.0,0,2010.0,4.0
Thor: Love and Thunder,2022-07-06,en,Fantasy,10.679,6.4,8218,2022.0,7.0
Home Alone 3,1997-12-12,en,Comedy,10.6731,5.277,3168,1997.0,12.0
Treasure Planet,2002-11-26,en,Science Fiction,10.671,7.6,4456,2002.0,11.0
Burn Out,2018-01-03,fr,Action,10.6547,6.717,445,2018.0,1.0
Obsessed,2014-05-14,ko,Drama,10.6444,6.682,77,2014.0,5.0
Saturn in Opposition,2007-02-23,it,Drama,10.6319,6.9,395,2007.0,2.0
Everything Everywhere All at Once,2022-03-24,en,Action,10.6227,7.728,7469,2022.0,3.0
Balinsasayaw,2024-05-17,tl,Drama,10.6222,5.3,3,2024.0,5.0
Troll Hunter,2010-10-29,no,Fantasy,10.6217,6.697,1673,2010.0,10.0
Kill Bill: Vol. 1,2003-10-10,en,Action,10.6205,7.969,18322,2003.0,10.0
Samurai Fury,2025-01-17,ja,Action,10.6185,8.4,19,2025.0,1.0
The Shining,1980-05-23,en,Horror,10.6156,8.2,18369,1980.0,5.0
Don Jon,2013-09-12,en,Romance,10.6104,6.014,4468,2013.0,9.0
Hoppers,2026-03-04,en,Family,10.6029,0.0,0,2026.0,3.0
Rise of the Guardians,2012-11-21,en,Animation,10.6011,7.4,6963,2012.0,11.0
As Good as Dead,2022-12-16,en,Action,10.5963,6.177,82,2022.0,12.0
Rurouni Kenshin: The Final,2021-04-23,ja,Action,10.593,7.719,521,2021.0,4.0
The Mummy Returns,2001-05-04,en,Adventure,10.5917,6.387,7406,2001.0,5.0
Animal Instincts,1992-10-21,en,Drama,10.5826,4.9,47,1992.0,10.0
Vicious,2025-09-19,en,Horror,10.572,5.995,184,2025.0,9.0
Charlie and the Chocolate Factory,2005-07-13,en,Adventure,10.5671,7.04,15772,2005.0,7.0
Shrek the Third,2007-05-17,en,Fantasy,10.5632,6.3,9490,2007.0,5.0
"Miraculous World: London, At the Edge of Time",2024-11-14,fr,Animation,10.5631,7.4,288,2024.0,11.0
The Pipe,2010-12-03,en,Documentary,10.5515,6.0,4,2010.0,12.0
Dreamland,2019-11-27,en,Drama,10.5496,5.9,259,2019.0,11.0
Creed,2015-11-25,en,Drama,10.5461,7.408,7748,2015.0,11.0
Gods of Egypt,2016-02-25,en,Action,10.5455,5.69,4238,2016.0,2.0
The Princess and the Frog,2009-12-08,en,Animation,10.5412,7.214,5935,2009.0,12.0
Memento,2000-10-11,en,Mystery,10.5308,8.178,15698,2000.0,10.0
Rajma Chawal,2018-10-13,hi,Comedy,10.5245,6.5,21,2018.0,10.0
Civil War,2024-04-10,en,War,10.5127,6.852,3948,2024.0,4.0
Eternal Sunshine of the Spotless Mind,2004-03-19,en,Science Fiction,10.5063,8.093,15838,2004.0,3.0
Little Man,2006-08-31,en,Comedy,10.5024,5.926,1838,2006.0,8.0
The Abyss,1989-08-09,en,Adventure,10.4869,7.3,3260,1989.0,8.0
Juliet & Romeo,2025-05-09,en,Romance,10.4835,6.9,8,2025.0,5.0
The Godfather Part III,1990-12-25,en,Crime,10.4803,7.417,6605,1990.0,12.0
Taxi,1998-04-08,fr,Action,10.4779,6.71,2613,1998.0,4.0
Big,1988-06-03,en,Fantasy,10.468,7.179,3842,1988.0,6.0
The Misfits,1961-02-01,en,Western,10.4602,6.948,410,1961.0,2.0
The Bad Guys,2022-03-17,en,Family,10.4592,7.5,2392,2022.0,3.0
Pride & Prejudice,2005-09-16,en,Drama,10.4585,8.058,8491,2005.0,9.0
The Negotiator,1998-07-29,en,Action,10.4485,7.1,2273,1998.0,7.0
Little Thirteen,2012-07-04,de,Drama,10.4469,5.366,41,2012.0,7.0
"Oh, Hi!",2025-07-25,en,Romance,10.445,6.2,80,2025.0,7.0
After Everything,2023-09-13,en,Romance,10.4311,6.889,962,2023.0,9.0
Fallen Angels,1995-09-06,cn,Action,10.4186,7.659,1208,1995.0,9.0
Deadly Pickup,2016-07-26,en,Thriller,10.4068,5.396,24,2016.0,7.0
Lolita,1997-09-27,en,Drama,10.4065,7.119,1899,1997.0,9.0
Taking Chance,2009-09-21,en,Drama,10.4055,7.2,213,2009.0,9.0
Samba,2014-10-15,fr,Drama,10.398,6.354,967,2014.0,10.0
Miracle on 34th Street,1994-11-18,en,Fantasy,10.391,6.7,1096,1994.0,11.0
Varisu,2023-01-11,ta,Action,10.3857,5.2,55,2023.0,1.0
Michael,2026-04-22,en,Music,10.384,0.0,0,2026.0,4.0
Homefront,2013-11-12,en,Action,10.3814,6.942,3692,2013.0,11.0
Shrek Forever After,2010-05-20,en,Comedy,10.3809,6.391,7729,2010.0,5.0
Before Sunrise,1995-01-27,en,Drama,10.3807,7.971,4486,1995.0,1.0
Bedtime Story,1964-06-10,en,Comedy,10.3806,6.2,52,1964.0,6.0
The Transfiguration,2016-04-14,en,Horror,10.3778,6.019,134,2016.0,4.0
Solar Attack,2006-05-25,en,Action,10.3656,5.2,44,2006.0,5.0
Sniper: The Last Stand,2025-01-21,en,Action,10.3614,6.774,168,2025.0,1.0
Microwave Massacre,1983-08-31,en,Comedy,10.3401,4.3,91,1983.0,8.0
Psycho,1960-06-22,en,Horror,10.3383,8.421,10649,1960.0,6.0
20th Century Girl,2022-10-06,ko,Romance,10.337,8.1,776,2022.0,10.0
Gorbaciof,2010-10-15,it,Drama,10.3033,6.05,60,2010.0,10.0
Atlas,2024-05-23,en,Science Fiction,10.3029,6.702,1465,2024.0,5.0
The Proposal,2009-06-02,en,Comedy,10.2998,7.152,7226,2009.0,6.0
The Countess,2009-03-13,en,Drama,10.2912,5.906,177,2009.0,3.0
Sing: Thriller,2024-10-15,en,Animation,10.2813,7.195,192,2024.0,10.0
Don't Listen,2020-07-24,es,Drama,10.2738,6.485,782,2020.0,7.0
Red Dawn,2012-03-15,en,Action,10.2671,5.704,1690,2012.0,3.0
Abominable,2019-09-19,en,Family,10.264,7.456,2127,2019.0,9.0
Heat,1995-12-15,en,Crime,10.2582,7.923,7935,1995.0,12.0
La La Land,2016-12-01,en,Comedy,10.2468,7.898,17652,2016.0,12.0
Fifty Shades Freed,2018-01-17,en,Drama,10.2439,6.682,8240,2018.0,1.0
The Count of Monte Cristo,2024-06-28,fr,Adventure,10.2392,7.952,1836,2024.0,6.0
Meridian,1990-11-10,en,Horror,10.234,4.6,46,1990.0,11.0
The Devil’s Trap,2024-11-01,en,Horror,10.2237,7.6,5,2024.0,11.0
Good Kill,2015-04-09,en,Drama,10.2171,5.965,583,2015.0,4.0
Christmas & Co.,2017-12-06,fr,Comedy,10.2165,6.28,659,2017.0,12.0
Wrath of Man,2021-04-22,en,Thriller,10.2156,7.6,5827,2021.0,4.0
Bullet Train,2022-08-03,en,Action,10.2108,7.422,7070,2022.0,8.0
The Waterboy,1998-11-06,en,Comedy,10.1928,6.1,1936,1998.0,11.0
Southpaw,2015-03-24,en,Action,10.1841,7.4,5664,2015.0,3.0
The Accountant²,2025-04-23,en,Mystery,10.177,7.126,1486,2025.0,4.0
Shotgun Stories,2007-10-01,en,Drama,10.1709,6.9,201,2007.0,10.0
Malena,2000-03-16,it,Drama,10.1685,7.433,2404,2000.0,3.0
Meru,2015-01-25,en,Adventure,10.1671,7.413,254,2015.0,1.0
Kevin Hart: Acting My Age,2025-11-23,en,Comedy,10.1655,6.231,13,2025.0,11.0
Gattaca,1997-09-07,en,Thriller,10.1615,7.6,6684,1997.0,9.0
Wicked Minds,2003-03-01,en,Mystery,10.1523,6.3,49,2003.0,3.0
Memory,2022-04-28,en,Action,10.1466,6.7,1597,2022.0,4.0
Deadpool,2016-02-09,en,Action,10.1367,7.6,32104,2016.0,2.0
Encanto,2021-10-13,en,Animation,10.1337,7.6,9937,2021.0,10.0
Transformers: Age of Extinction,2014-06-25,en,Science Fiction,10.1325,6.0,8524,2014.0,6.0
Finch,2021-11-04,en,Science Fiction,10.1324,7.821,3784,2021.0,11.0
Bagnomaria,1999-02-12,it,Comedy,10.1187,5.8,110,1999.0,2.0
Perfect Day,2007-01-01,en,Comedy,10.1071,0.0,0,2007.0,1.0
After,2019-04-11,en,Romance,10.1016,7.1,8440,2019.0,4.0
Avengers: Age of Ultron,2015-04-22,en,Action,10.101,7.271,23877,2015.0,4.0
The Last Samurai,2003-12-05,en,Drama,10.0884,7.6,7268,2003.0,12.0
It's a Wonderful Life,1946-12-20,en,Drama,10.0819,8.3,4658,1946.0,12.0
The Monster,1994-10-22,it,Comedy,10.0796,6.954,627,1994.0,10.0
Marquise,1997-08-20,fr,Drama,10.0772,5.5,49,1997.0,8.0
Coutures,2026-02-18,fr,Drama,10.0732,0.0,0,2026.0,2.0
Sweetheart,2019-03-13,fr,Comedy,10.0717,6.5,257,2019.0,3.0
The Lunchbox,2013-09-20,hi,Drama,10.0662,7.358,768,2013.0,9.0
Cash Out,2024-04-26,en,Action,10.0612,6.239,222,2024.0,4.0
Mother's Job,2017-07-27,ko,Drama,10.0557,5.8,15,2017.0,7.0
"The French Dispatch of the Liberty, Kansas Evening Sun",2021-10-21,en,Drama,10.0537,7.0,2820,2021.0,10.0
Dolittle,2020-01-02,en,Family,10.0517,6.59,3770,2020.0,1.0
Rebel Ridge,2024-08-27,en,Crime,10.0502,6.993,1475,2024.0,8.0
The SpongeBob SquarePants Movie,2004-11-19,en,Family,10.0438,7.1,3074,2004.0,11.0
Once Upon a Time... in Hollywood,2019-07-24,en,Comedy,10.0427,7.426,14317,2019.0,7.0
Ellie Parker,2005-01-21,en,Comedy,10.0425,5.0,70,2005.0,1.0
Stillwater,2021-07-29,en,Drama,10.0393,6.629,1345,2021.0,7.0
Strange Harvest,2025-08-08,en,Horror,10.038,6.8,23,2025.0,8.0
Clown in a Cornfield,2025-05-08,en,Horror,10.0324,6.103,416,2025.0,5.0
Queen of Hearts,2019-03-27,da,Drama,10.0259,6.878,345,2019.0,3.0
High Rollers,2025-03-14,en,Action,10.0169,6.407,75,2025.0,3.0
The Flash,2023-06-13,en,Action,10.0125,6.6,4772,2023.0,6.0
Audrie & Daisy,2016-09-23,en,Documentary,10.0124,7.142,194,2016.0,9.0
Possessor,2020-10-02,en,Horror,10.0117,6.395,985,2020.0,10.0
The Home,2025-07-24,en,Mystery,10.0089,6.479,117,2025.0,7.0
Haul Out the Holly,2022-11-26,en,TV Movie,10.0071,5.958,84,2022.0,11.0
Dog Man,2025-01-24,en,Family,10.0033,7.642,309,2025.0,1.0
Just Go with It,2011-02-10,en,Comedy,10.0009,6.705,5964,2011.0,2.0
Settlers,2021-07-23,en,Science Fiction,9.9972,4.956,159,2021.0,7.0
Two Pianos,2025-10-15,fr,Drama,9.9949,5.2,18,2025.0,10.0
Sanju,2018-06-29,hi,Drama,9.988,7.2,206,2018.0,6.0
Nosferatu,2024-12-25,en,Horror,9.9874,6.7,3266,2024.0,12.0
The Room,2019-09-12,en,Horror,9.9823,6.415,987,2019.0,9.0
Dogma,1999-10-04,en,Fantasy,9.9822,6.92,2693,1999.0,10.0
Sacred,2009-09-03,id,Horror,9.973,6.5,17,2009.0,9.0
Damaged,2024-04-12,en,Action,9.2057,5.658,310,2024.0,4.0
The Idea of You,2024-05-02,en,Romance,9.5937,7.336,1818,2024.0,5.0
The Lookout,2012-09-05,fr,Action,9.3116,5.552,124,2012.0,9.0
Jumanji: The Next Level,2019-12-04,en,Adventure,8.7394,6.9,9089,2019.0,12.0
GOAT,2026-02-11,en,Animation,9.3133,0.0,0,2026.0,2.0
The Witch: Part 2. The Other One,2022-06-15,ko,Action,9.3244,7.355,406,2022.0,6.0
Ballad of a Small Player,2025-10-15,en,Crime,8.0597,5.81,210,2025.0,10.0
Headhunters,2011-08-26,no,Thriller,9.8958,7.241,1307,2011.0,8.0
Jungle Cruise,2021-07-28,en,Fantasy,8.8195,7.3,5980,2021.0,7.0
Rurouni Kenshin: The Beginning,2021-06-04,ja,Action,8.875,7.67,509,2021.0,6.0
Purple Hearts,2022-07-29,en,Romance,9.7274,8.1,2775,2022.0,7.0
Kill Bill: The Whole Bloody Affair,2011-03-27,en,Action,8.7116,8.0,1096,2011.0,3.0
Warrior Queen,1987-01-26,en,Action,8.2072,3.5,32,1987.0,1.0
Greenland 2: Migration,2026-01-07,en,Adventure,9.8094,0.0,0,2026.0,1.0
The Orphanage,2007-05-20,es,Horror,9.3553,7.229,3020,2007.0,5.0
Dawn of the Planet of the Apes,2014-07-08,en,Science Fiction,8.6249,7.334,11916,2014.0,7.0
Blood River,2009-04-29,en,Horror,8.9342,4.6,33,2009.0,4.0
Old,2021-07-21,en,Thriller,9.3693,6.325,4724,2021.0,7.0
Den of Thieves 2: Pantera,2025-01-08,en,Action,8.6374,6.62,681,2025.0,1.0
Farhana,2023-05-12,ta,Drama,8.8837,5.4,5,2023.0,5.0
Fast & Furious Presents: Hobbs & Shaw,2019-07-31,en,Action,8.2715,6.844,7555,2019.0,7.0
Oldboy,2003-11-21,ko,Drama,9.298,8.246,9376,2003.0,11.0
Garfield,2004-06-10,en,Comedy,8.4256,5.731,4163,2004.0,6.0
PAW Patrol: The Mighty Movie,2023-09-21,en,Family,8.8261,7.026,525,2023.0,9.0
Tyler Perry's Finding Joy,2025-11-05,en,Drama,8.9645,6.5,28,2025.0,11.0
In the Lost Lands,2025-02-27,en,Action,9.4833,6.4,646,2025.0,2.0
The Roundup: Punishment,2024-04-24,ko,Action,10.1525,7.09,205,2024.0,4.0
PSYCHO-PASS: The Movie,2015-01-09,ja,Animation,8.3165,7.0,231,2015.0,1.0
The Burning Sea,2021-10-29,no,Action,7.4132,6.597,278,2021.0,10.0
Murder Mystery,2019-05-25,en,Action,8.6428,6.267,4650,2019.0,5.0
The Twisters,2024-06-28,en,Action,8.5365,5.8,81,2024.0,6.0
Hitman,2007-11-21,en,Action,8.481,6.146,3531,2007.0,11.0
Underworld,2003-09-19,en,Fantasy,8.8016,6.838,6411,2003.0,9.0
Armor,2024-10-30,en,Action,9.8449,5.548,249,2024.0,10.0
The Map That Leads to You,2025-08-19,en,Romance,9.5153,6.57,266,2025.0,8.0
Black Hawk Down,2001-12-28,en,Action,9.1278,7.4,6116,2001.0,12.0
Luna,1979-08-29,it,Drama,8.8298,6.3,111,1979.0,8.0
Craving Desire,1993-06-09,it,Drama,9.8245,4.721,34,1993.0,6.0
Eyes Wide Shut,1999-07-16,en,Drama,8.9212,7.485,6687,1999.0,7.0
Maleficent,2014-05-28,en,Fantasy,9.8183,7.1,13486,2014.0,5.0
JUJUTSU KAISEN: Hidden Inventory / Premature Death - The Movie,2025-05-30,ja,Animation,9.2507,8.32,24,2025.0,5.0
Planet B,2024-12-25,fr,Science Fiction,10.359,5.0,45,2024.0,12.0
9 Songs,2004-07-16,en,Drama,9.7459,5.556,553,2004.0,7.0
Love You Forever,2020-08-25,zh,Romance,9.3948,7.8,5,2020.0,8.0
Blue Movie,1971-07-16,nl,Drama,8.828,4.458,12,1971.0,7.0
Thor,2011-04-21,en,Adventure,9.8962,6.769,21886,2011.0,4.0
Rocky,1976-11-20,en,Drama,9.0268,7.793,8323,1976.0,11.0
The Drop,2014-09-12,en,Drama,7.754,6.823,2331,2014.0,9.0
The Oscar,1966-03-04,en,Drama,10.3071,4.8,15,1966.0,3.0
Incredibles 2,2018-06-14,en,Action,8.8909,7.456,13368,2018.0,6.0
Henry Danger: The Movie,2025-01-17,en,Action,8.5902,7.694,245,2025.0,1.0
Ted,2012-06-29,en,Comedy,10.0335,6.448,12851,2012.0,6.0
The Twilight Saga: Breaking Dawn - Part 2,2012-11-13,en,Adventure,8.5145,6.462,9197,2012.0,11.0
Smokin' Aces,2006-12-09,en,Action,7.13,6.5,1753,2006.0,12.0
Alien³,1992-05-22,en,Science Fiction,8.1624,6.378,6125,1992.0,5.0
Benedetta,2021-07-09,fr,History,9.7439,6.6,1103,2021.0,7.0
A Sacrifice,2024-06-28,en,Thriller,7.0542,5.6,109,2024.0,6.0
William Tell,2025-01-17,en,Action,9.4588,6.245,190,2025.0,1.0
The Devil's Bride,2025-01-16,id,Horror,8.8373,6.75,8,2025.0,1.0
Silent Hill,2006-04-21,en,Horror,8.4167,6.606,4617,2006.0,4.0
Silent Hill,2006-04-21,en,Horror,9.7246,6.606,4617,2006.0,4.0
Poor Things,2023-12-07,en,Science Fiction,9.718,7.656,5110,2023.0,12.0
Stockholm Bloodbath,2024-01-19,en,Action,9.7076,6.179,39,2024.0,1.0
Thelma,2024-06-21,en,Action,9.7062,6.928,347,2024.0,6.0
A Line of Fire,2025-04-05,en,Action,9.6984,6.038,53,2025.0,4.0
The Christmas Chronicles,2018-11-22,en,Comedy,9.6978,7.1,2295,2018.0,11.0
Johnny Guitar,1954-05-26,en,Western,9.6898,7.4,451,1954.0,5.0
Doom: Annihilation,2019-09-30,en,Action,9.6888,4.941,450,2019.0,9.0
The Sect,1991-03-01,it,Horror,9.6789,6.2,125,1991.0,3.0
A Bronx Tale,1993-10-01,en,Drama,9.6785,7.875,2703,1993.0,10.0
Obsesyon,2025-07-04,tl,Drama,9.6781,7.0,7,2025.0,7.0
Dead Poets Society,1989-06-02,en,Drama,9.6684,8.3,12068,1989.0,6.0
Apocalypto,2006-12-07,en,Action,9.6672,7.592,5957,2006.0,12.0
Sense and Sensibility,1995-12-13,en,Drama,9.6645,7.4,1782,1995.0,12.0
The Assault,1998-10-08,en,Thriller,9.6622,2.5,2,1998.0,10.0
The Body,2024-11-28,it,Thriller,9.6531,6.544,91,2024.0,11.0
Spermageddon,2025-02-21,no,Animation,9.6516,6.4,101,2025.0,2.0
You Are the Apple of My Eye,2025-02-21,ko,Romance,9.6512,8.511,48,2025.0,2.0
The Voyeur,1994-01-27,it,Drama,9.65,5.5,219,1994.0,1.0
The Corpse Washer,2024-02-22,id,Horror,9.6494,6.6,19,2024.0,2.0
Notting Hill,1999-05-21,en,Romance,9.6487,7.266,6488,1999.0,5.0
Out of Sight,1998-06-26,en,Romance,9.6478,6.676,1346,1998.0,6.0
Sinister,2012-03-29,en,Horror,9.6384,6.87,5844,2012.0,3.0
Ransom,1977-04-29,en,Crime,9.6328,6.4,11,1977.0,4.0
Loups=Garous,2010-08-28,ja,Science Fiction,9.6182,4.8,18,2010.0,8.0
"Red, White & Royal Blue",2023-07-27,en,Comedy,9.6174,7.9,1457,2023.0,7.0
Bunny,2025-11-14,en,Crime,9.6155,7.8,3,2025.0,11.0
Avalanche Sharks,2012-01-12,en,Horror,9.6155,3.4,108,2012.0,1.0
Dr. No,1962-10-07,en,Adventure,9.6098,6.99,3880,1962.0,10.0
The Gardener,2025-01-30,fr,Action,9.6083,6.163,172,2025.0,1.0
The Surface,2015-06-27,en,Drama,9.6073,5.846,13,2015.0,6.0
The King,2019-10-11,en,Drama,9.6061,7.156,3424,2019.0,10.0
Border Run,2012-10-12,en,Thriller,9.6013,5.724,76,2012.0,10.0
Savages,2012-07-06,en,Crime,9.6003,6.345,2231,2012.0,7.0
Loving Vincent,2017-06-22,en,Animation,9.5974,8.0,2544,2017.0,6.0
John Wick: Chapter 2,2017-02-08,en,Action,9.5974,7.3,13804,2017.0,2.0
Wild Things,1998-03-20,en,Mystery,9.597,6.364,1872,1998.0,3.0
The Handmaiden,2016-06-01,ko,Thriller,9.5884,8.2,4102,2016.0,6.0
A Big Bold Beautiful Journey,2025-09-17,en,Romance,9.586,6.3,224,2025.0,9.0
The Secret Life of Pets 2,2019-05-24,en,Family,9.5858,6.948,3235,2019.0,5.0
The Dig,2021-01-14,en,Drama,9.5825,6.855,1286,2021.0,1.0
Woodwalkers,2024-10-17,de,Family,9.5707,6.3,59,2024.0,10.0
Land of Bad,2024-02-09,en,Action,9.5694,7.276,1372,2024.0,2.0
Lovely,2012-03-30,te,Romance,9.5671,5.8,7,2012.0,3.0
Goodbye June,2025-12-12,en,Drama,9.5612,0.0,0,2025.0,12.0
Percy Jackson & the Olympians: The Lightning Thief,2010-02-01,en,Adventure,9.5591,6.21,7676,2010.0,2.0
Genesis,2018-04-21,en,Science Fiction,9.5586,3.774,31,2018.0,4.0
The Crossing,2012-10-31,fr,Drama,9.557,6.46,25,2012.0,10.0
Grown Ups,2010-06-24,en,Comedy,9.5563,6.401,6463,2010.0,6.0
Mulan,1998-06-18,en,Animation,9.5478,7.903,10171,1998.0,6.0
Sugar,1978-10-15,fr,Comedy,9.5442,6.7,38,1978.0,10.0
Honor Society,2022-07-23,en,Comedy,9.544,7.4,413,2022.0,7.0
Occupants,2015-12-14,en,Horror,9.5422,5.875,24,2015.0,12.0
Sonic the Hedgehog 2,2022-03-30,en,Action,9.5409,7.4,5701,2022.0,3.0
Secretary,2002-09-20,en,Romance,9.5354,6.781,1781,2002.0,9.0
The Holiday,2006-12-05,en,Comedy,9.5234,7.09,5411,2006.0,12.0
Death of a Unicorn,2025-03-27,en,Horror,9.5189,6.42,626,2025.0,3.0
The American,2010-08-31,en,Crime,9.5164,5.967,1441,2010.0,8.0
Saltburn,2023-11-16,en,Drama,9.5125,7.0,2713,2023.0,11.0
Singularity,2017-11-24,en,Science Fiction,9.5119,3.647,217,2017.0,11.0
Hard Target,1993-04-27,en,Action,9.5117,6.49,1288,1993.0,4.0
The Titan,2018-03-30,en,Science Fiction,9.5113,5.321,1286,2018.0,3.0
2001: A Space Odyssey,1968-04-02,en,Science Fiction,9.5077,8.062,12179,1968.0,4.0
The Keep,1983-12-16,en,Horror,9.5042,5.6,294,1983.0,12.0
Alelí,2019-10-02,es,Comedy,9.5016,6.8,14,2019.0,10.0
Night of the Zombies,1980-11-17,it,Horror,9.4988,5.3,148,1980.0,11.0
2012,2009-10-10,en,Action,9.4983,5.864,12408,2009.0,10.0
Robot Jox,1990-11-21,en,Science Fiction,9.4971,5.504,139,1990.0,11.0
Frozen II,2019-11-20,en,Family,9.4938,7.2,10072,2019.0,11.0
Jurassic World,2015-06-06,en,Action,9.4924,6.7,21123,2015.0,6.0
Mírame,2021-08-20,es,Horror,9.4897,6.8,66,2021.0,8.0
Black Panther: Wakanda Forever,2022-11-09,en,Action,9.4833,7.026,7120,2022.0,11.0
Despicable Me,2010-07-08,en,Family,9.4832,7.3,15694,2010.0,7.0
Trolls,2016-10-13,en,Family,9.4707,6.631,3728,2016.0,10.0
Signs,2002-08-02,en,Drama,9.47,6.701,6005,2002.0,8.0
Taken 2,2012-09-27,en,Action,9.4669,6.365,6928,2012.0,9.0
Wild Child,2008-08-15,en,Comedy,9.4654,6.7,1883,2008.0,8.0
Wicked: One Wonderful Night,2025-11-06,en,Music,9.4572,8.324,17,2025.0,11.0
The Last Days,1999-10-18,pl,Drama,9.4485,5.5,58,1999.0,10.0
Responsible Child,2019-12-16,en,Drama,9.4476,6.579,19,2019.0,12.0
Palmer,2021-01-28,en,Drama,9.4398,8.1,1829,2021.0,1.0
The Warrant,2020-02-06,en,Western,9.4373,5.9,27,2020.0,2.0
Flesh & Blood,2018-11-02,en,Horror,9.434,6.875,144,2018.0,11.0
Keeper,2025-11-12,en,Horror,9.4309,4.7,18,2025.0,11.0
Smile,2022-09-23,en,Horror,9.4309,6.7,3828,2022.0,9.0
Stress Positions,2024-04-19,en,Comedy,9.4281,5.857,8,2024.0,4.0
Tarzan,1999-06-17,en,Family,9.4269,7.4,7107,1999.0,6.0
Strapped,2010-09-24,en,Drama,9.4157,6.0,51,2010.0,9.0
Memoir of a Snail,2024-10-17,en,Animation,9.4089,8.065,696,2024.0,10.0
Kill Ratio,2016-12-09,en,Action,9.4062,4.172,32,2016.0,12.0
1917,2019-12-25,en,War,9.4051,7.986,13112,2019.0,12.0
Batman v Superman: Dawn of Justice,2016-03-23,en,Action,9.404,5.988,18611,2016.0,3.0
The Salvation,2014-05-22,da,Drama,9.3991,6.466,907,2014.0,5.0
Heart Eyes,2025-02-06,en,Horror,9.3959,6.412,387,2025.0,2.0
Ill Manors,2012-06-06,en,Crime,9.3957,6.293,138,2012.0,6.0
Unfaithful,2002-05-10,en,Thriller,9.3948,6.675,1636,2002.0,5.0
Vacation,2015-07-28,en,Comedy,9.3947,6.306,3872,2015.0,7.0
Final Approach,2005-01-14,en,Family,9.3886,4.6,5,2005.0,1.0
There Will Be Blood,2007-12-26,en,Drama,9.3872,8.076,7098,2007.0,12.0
Santa Sangre,1989-11-24,en,Thriller,9.3858,7.134,480,1989.0,11.0
Shang-Chi and the Legend of the Ten Rings,2021-09-01,en,Action,9.3855,7.504,10048,2021.0,9.0
Van Helsing,2004-05-03,en,Horror,9.3814,6.384,6345,2004.0,5.0
Trouble,2024-10-02,sv,Action,9.381,6.664,196,2024.0,10.0
Conan the Barbarian,1982-03-16,en,Adventure,9.3802,6.807,2669,1982.0,3.0
The Phoenician Scheme,2025-05-23,en,Comedy,9.3796,6.639,631,2025.0,5.0
The Girl Next Door,2004-04-09,en,Comedy,9.3771,6.736,3837,2004.0,4.0
Senpai Is an Otokonoko Movie: Sunshine After the Rain,2025-02-14,ja,Animation,9.3763,7.5,4,2025.0,2.0
12 Angry Men,1957-04-10,en,Drama,9.3741,8.5,9557,1957.0,4.0
Breathe,2024-04-04,en,Action,9.3738,5.689,259,2024.0,4.0
The Tomb,2009-11-05,en,Horror,9.3715,4.183,52,2009.0,11.0
X-Men: Days of Future Past,2014-05-15,en,Action,9.371,7.5,15890,2014.0,5.0
Mia,2017-12-17,es,Drama,9.3694,6.138,29,2017.0,12.0
The Marvels,2023-11-08,en,Science Fiction,9.358,6.0,3164,2023.0,11.0
Sssssss,1973-07-06,en,Horror,9.355,5.2,108,1973.0,7.0
The Sandlot,1993-04-07,en,Family,9.354,7.5,1268,1993.0,4.0
The Challenges,1969-09-19,es,Drama,9.3468,5.2,11,1969.0,9.0
Retribution,2023-08-23,en,Thriller,9.3463,6.568,1302,2023.0,8.0
John Carter,2012-03-07,en,Action,9.3453,6.357,5920,2012.0,3.0
Ash,2025-03-20,en,Horror,9.3338,5.201,381,2025.0,3.0
Luck,2022-08-05,en,Animation,9.3321,7.746,1867,2022.0,8.0
The Burning,1981-05-08,en,Horror,9.3318,6.2,431,1981.0,5.0
Curvature,2017-10-08,en,Science Fiction,9.3229,4.92,75,2017.0,10.0
Raging Grace,2023-12-01,en,Drama,9.3171,6.0,41,2023.0,12.0
Monster House,2006-06-30,en,Animation,9.3156,6.7,4203,2006.0,6.0
Obsession,2015-06-04,nl,Romance,9.3116,6.323,226,2015.0,6.0
Porn in the Hood,2012-07-11,fr,Comedy,9.3028,5.043,360,2012.0,7.0
Blood Punch,2014-02-21,en,Horror,9.2931,6.4,133,2014.0,2.0
Bad Seeds,2018-11-21,fr,Comedy,9.2906,7.6,616,2018.0,11.0
Brothers,2009-12-02,en,Drama,9.2898,7.317,3807,2009.0,12.0
Z-O-M-B-I-E-S 4: Dawn of the Vampires,2025-07-10,en,Fantasy,9.2855,6.833,126,2025.0,7.0
Jet Lag,2002-10-30,fr,Comedy,9.2828,5.5,138,2002.0,10.0
The Judge,2014-10-08,en,Drama,9.2812,7.3,4295,2014.0,10.0
Mozzarella Stories,2011-08-08,it,Comedy,9.2787,5.9,19,2011.0,8.0
Flushed Away,2006-10-22,en,Adventure,9.278,6.3,3983,2006.0,10.0
The Bayou,2025-01-31,en,Thriller,9.2774,5.578,161,2025.0,1.0
Showgirls,1995-09-22,en,Drama,9.2773,5.579,1323,1995.0,9.0
Hello Brother,1999-08-26,hi,Comedy,9.2716,5.6,52,1999.0,8.0
Cars,2006-06-08,en,Animation,9.2614,7.016,14707,2006.0,6.0
Three Steps Above Heaven,2010-12-03,es,Romance,9.2607,7.724,3160,2010.0,12.0
Monika,1974-02-28,it,Romance,9.2571,4.5,19,1974.0,2.0
